[
  {
    "id": "welcome",
    "test": "gk1de1.html", 
    "type": "info",
    "title": "Chào mừng",
    "text": "Chào mừng bạn đến với hệ thống kiểm tra trực tuyến Lớp Toán Thầy Bình!",
    "content": "<h3>Hướng dẫn sử dụng:</h3><ul><li>Đăng nhập để bắt đầu làm bài</li><li>Chọn đáp án và click 'Kiểm tra'</li><li>Dùng menu slide để di chuyển</li><li>Click 'Tính điểm' khi hoàn thành</li></ul>"
  },
  {
    "id": "q1",
    "test": "gk1de1.html",
    "type": "multiple_choice",
    "title": "Câu 1.",
    "text": "Giá trị lớn nhất của hàm số $y = x(1 - x^2)$ trên khoảng $(0;1)$ là:",
    "A": "$\\dfrac{1}{9}$",
    "B": "$\\dfrac{1}{\\sqrt{3}}$", 
    "C": "$0$",
    "D": "$\\dfrac{2\\sqrt{3}}{9}$",
    "correct": "D",
    "solution": "Hàm số đạt cực đại tại $x = \\dfrac{1}{\\sqrt{3}}$"
  },
  {
    "id": "q2",
    "test": "gk1de1.html",
    "type": "multiple_choice", 
    "title": "Câu 2.",
    "text": "Cho hình hộp ABCD.A'B'C'D'. Phát biểu nào sau đây là đúng?",
    "A": "$\\vec{AB}+ \\vec{AA'} + \\vec{AD} = \\vec{AC'}$",
    "B": "$\\vec{AB} + \\vec{BB'} + \\vec{B'A'} = \\vec{AC'}$",
    "C": "$\\vec{AB}+\\vec{BC'} +\\vec{C'D'} = \\vec{AC'}$",
    "D": "$\\vec{AB}+ \\vec{AC} + \\vec{AA'} = \\vec{AC'}$", 
    "correct": "A",
    "solution": "Theo quy tắc hình hộp"
  }
]